provider,mode,causal,batch,query_heads,kv_heads,sequence,head_dim,setup_ms,first_call_ms,median_ms,p10_ms,p90_ms,tflops,naive_score_mib,saved_lse_mib,speedup_vs_torch,latency_reduction_percent
torch,forward-backward,False,1,16,16,128,64,0.009,0.452,0.04506,0.0399,0.05018,5.213,0.5,0.008,1.0,0.0
triton,forward-backward,False,1,16,16,128,64,0.01,4573.256,0.04301,0.03981,0.12602,5.461,0.5,0.008,1.048,4.5
torch,forward-backward,False,1,16,16,511,64,0.009,3.102,0.40502,0.32051,0.64103,9.242,7.969,0.031,1.0,0.0
triton,forward-backward,False,1,16,16,511,64,0.009,4480.142,0.39018,0.37776,0.87559,9.594,7.969,0.031,1.038,3.7
torch,forward-backward,False,1,16,16,512,64,0.009,0.793,0.37378,0.31843,0.70123,10.054,8.0,0.031,1.0,0.0
triton,forward-backward,False,1,16,16,512,64,0.013,4469.117,0.35734,0.34272,0.86117,10.517,8.0,0.031,1.046,4.4
torch,forward-backward,False,1,16,16,1025,64,0.009,1.668,1.25365,1.12495,1.6742,12.014,32.063,0.063,1.0,0.0
triton,forward-backward,False,1,16,16,1025,64,0.009,4626.6,1.30157,1.08451,2.12283,11.572,32.063,0.063,0.963,-3.8
torch,forward-backward,False,1,16,16,2048,64,0.009,3.811,3.68026,3.34763,4.22874,16.338,128.0,0.125,1.0,0.0
triton,forward-backward,False,1,16,16,2048,64,0.009,4798.893,4.11338,3.78211,5.45773,14.618,128.0,0.125,0.895,-11.8
torch,forward-backward,False,1,16,16,4096,64,0.009,15.105,14.19322,12.40966,15.68673,16.946,512.0,0.25,1.0,0.0
triton,forward-backward,False,1,16,16,4096,64,0.009,4999.798,16.59656,14.77964,20.61936,14.492,512.0,0.25,0.855,-16.9
torch,forward-backward,False,1,16,16,128,128,0.01,5.643,0.11878,0.0881,0.18309,3.955,0.5,0.008,1.0,0.0
triton,forward-backward,False,1,16,16,128,128,0.009,6547.325,0.09933,0.07578,0.26224,4.729,0.5,0.008,1.196,16.4
torch,forward-backward,False,1,16,16,511,128,0.009,1.301,0.7015,0.58893,1.03114,10.673,7.969,0.031,1.0,0.0
triton,forward-backward,False,1,16,16,511,128,0.009,1422.558,0.7772,0.74454,1.38436,9.633,7.969,0.031,0.903,-10.8
torch,forward-backward,False,1,16,16,512,128,0.009,1.011,0.69014,0.60183,1.11836,10.891,8.0,0.031,1.0,0.0
triton,forward-backward,False,1,16,16,512,128,0.009,6901.582,0.74448,0.71779,1.33843,10.096,8.0,0.031,0.927,-7.9
torch,forward-backward,False,1,16,16,1025,128,0.008,2.28,2.47304,2.14634,2.95816,12.181,32.063,0.063,1.0,0.0
triton,forward-backward,False,1,16,16,1025,128,0.009,7185.068,2.84176,2.63594,3.88817,10.6,32.063,0.063,0.87,-14.9
torch,forward-backward,False,1,16,16,2048,128,0.009,7.041,7.71466,7.04533,8.84565,15.588,128.0,0.125,1.0,0.0
triton,forward-backward,False,1,16,16,2048,128,0.01,7266.775,10.15421,8.88915,12.7001,11.843,128.0,0.125,0.76,-31.6
torch,forward-backward,False,1,16,16,4096,128,0.01,32.302,28.85078,26.2625,31.95161,16.673,512.0,0.25,1.0,0.0
triton,forward-backward,False,1,16,16,4096,128,0.01,7975.101,37.42466,34.85422,44.62213,12.853,512.0,0.25,0.771,-29.7
torch,forward-backward,True,1,16,16,128,64,0.01,3.468,0.05834,0.0511,0.11058,2.029,0.5,0.008,1.0,0.0
triton,forward-backward,True,1,16,16,128,64,0.009,7467.224,0.04608,0.0439,0.11794,2.569,0.5,0.008,1.266,21.0
torch,forward-backward,True,1,16,16,511,64,0.009,1.13,0.30515,0.24308,0.54285,6.146,7.969,0.031,1.0,0.0
triton,forward-backward,True,1,16,16,511,64,0.009,7551.433,0.22835,0.22224,0.6045,8.213,7.969,0.031,1.336,25.2
torch,forward-backward,True,1,16,16,512,64,0.009,0.912,0.31752,0.24778,0.54886,5.929,8.0,0.031,1.0,0.0
triton,forward-backward,True,1,16,16,512,64,0.009,1612.201,0.23035,0.22422,0.63786,8.173,8.0,0.031,1.378,27.5
torch,forward-backward,True,1,16,16,1025,64,0.01,1.212,0.82184,0.69939,1.26068,9.172,32.063,0.063,1.0,0.0
triton,forward-backward,True,1,16,16,1025,64,0.009,1667.734,0.76379,0.74368,1.4516,9.869,32.063,0.063,1.076,7.1
torch,forward-backward,True,1,16,16,2048,64,0.009,2.326,2.30502,2.01014,3.02195,13.05,128.0,0.125,1.0,0.0
triton,forward-backward,True,1,16,16,2048,64,0.009,7688.442,2.39715,2.2497,3.62282,12.548,128.0,0.125,0.962,-4.0
torch,forward-backward,True,1,16,16,4096,64,0.009,8.98,7.85306,7.09366,9.06321,15.317,512.0,0.25,1.0,0.0
triton,forward-backward,True,1,16,16,4096,64,0.01,8364.383,9.17363,7.87457,11.27775,13.112,512.0,0.25,0.856,-16.8
torch,forward-backward,True,1,16,16,128,128,0.01,4.133,0.12077,0.08704,0.16796,1.96,0.5,0.008,1.0,0.0
triton,forward-backward,True,1,16,16,128,128,0.009,11498.207,0.0881,0.08493,0.24362,2.687,0.5,0.008,1.371,27.1
torch,forward-backward,True,1,16,16,511,128,0.009,1.168,0.57958,0.42303,0.79931,6.471,7.969,0.031,1.0,0.0
triton,forward-backward,True,1,16,16,511,128,0.009,11854.494,0.50483,0.49869,1.10695,7.43,7.969,0.031,1.148,12.9
torch,forward-backward,True,1,16,16,512,128,0.009,0.884,0.57251,0.42902,0.88863,6.577,8.0,0.031,1.0,0.0
triton,forward-backward,True,1,16,16,512,128,0.009,11678.982,0.49786,0.49251,1.08226,7.563,8.0,0.031,1.15,13.0
torch,forward-backward,True,1,16,16,1025,128,0.009,1.641,1.66387,1.3619,2.09622,9.061,32.063,0.063,1.0,0.0
triton,forward-backward,True,1,16,16,1025,128,0.009,11893.063,1.78278,1.61596,2.60858,8.457,32.063,0.063,0.933,-7.1
torch,forward-backward,True,1,16,16,2048,128,0.009,4.0,4.36826,4.03048,5.42771,13.772,128.0,0.125,1.0,0.0
triton,forward-backward,True,1,16,16,2048,128,0.009,11817.752,5.60838,5.05621,7.3441,10.727,128.0,0.125,0.779,-28.4
torch,forward-backward,True,1,16,16,4096,128,0.01,17.06,15.97683,14.3319,17.92703,15.058,512.0,0.25,1.0,0.0
triton,forward-backward,True,1,16,16,4096,128,0.01,12261.632,20.55117,18.64029,25.53238,11.706,512.0,0.25,0.777,-28.6
