shape,metric,unit,value
n4096_d128,smsp__inst_executed_pipe_tensor.avg.pct_of_peak_sustained_active,%,40.23
n4096_d128,smsp__warp_issue_stalled_barrier_per_warp_active.pct,%,1.19
n4096_d128,smsp__warp_issue_stalled_long_scoreboard_per_warp_active.pct,%,2.55
n4096_d128,smsp__warp_issue_stalled_math_pipe_throttle_per_warp_active.pct,%,50.92
n4096_d128,smsp__warp_issue_stalled_mio_throttle_per_warp_active.pct,%,3.12
n4096_d128,smsp__warp_issue_stalled_not_selected_per_warp_active.pct,%,0
n4096_d128,smsp__warp_issue_stalled_short_scoreboard_per_warp_active.pct,%,2.51
n4096_d128,smsp__warp_issue_stalled_wait_per_warp_active.pct,%,27.08
n4096_d128,Duration,ns,8768992
n4096_d128,Compute (SM) Throughput,%,77.73
n4096_d128,DRAM Throughput,%,2.79
n4096_d128,Registers Per Thread,register/thread,255
n4096_d128,Dynamic Shared Memory Per Block,byte/block,98304
n4096_d128,Theoretical Occupancy,%,8.33
n4096_d128,Achieved Occupancy,%,8.33
n4096_d128,Memory Throughput,%,15.34
n4096_d128,L1/TEX Hit Rate,%,28.60
n4096_d128,L2 Hit Rate,%,88.48
n4096_d128,Waves Per SM,,25.60
n512_d128,smsp__inst_executed_pipe_tensor.avg.pct_of_peak_sustained_active,%,34.91
n512_d128,smsp__warp_issue_stalled_barrier_per_warp_active.pct,%,2.07
n512_d128,smsp__warp_issue_stalled_long_scoreboard_per_warp_active.pct,%,5.01
n512_d128,smsp__warp_issue_stalled_math_pipe_throttle_per_warp_active.pct,%,42.99
n512_d128,smsp__warp_issue_stalled_mio_throttle_per_warp_active.pct,%,3.03
n512_d128,smsp__warp_issue_stalled_not_selected_per_warp_active.pct,%,0
n512_d128,smsp__warp_issue_stalled_short_scoreboard_per_warp_active.pct,%,4.84
n512_d128,smsp__warp_issue_stalled_wait_per_warp_active.pct,%,25.02
n512_d128,Duration,ns,236352
n512_d128,Compute (SM) Throughput,%,55.65
n512_d128,DRAM Throughput,%,11.51
n512_d128,Registers Per Thread,register/thread,255
n512_d128,Dynamic Shared Memory Per Block,byte/block,65536
n512_d128,Theoretical Occupancy,%,8.33
n512_d128,Achieved Occupancy,%,8.33
n512_d128,Memory Throughput,%,14.78
n512_d128,L1/TEX Hit Rate,%,16.01
n512_d128,L2 Hit Rate,%,46.95
n512_d128,Waves Per SM,,3.20
n512_d64,smsp__inst_executed_pipe_tensor.avg.pct_of_peak_sustained_active,%,37.86
n512_d64,smsp__warp_issue_stalled_barrier_per_warp_active.pct,%,5.65
n512_d64,smsp__warp_issue_stalled_long_scoreboard_per_warp_active.pct,%,8.21
n512_d64,smsp__warp_issue_stalled_math_pipe_throttle_per_warp_active.pct,%,42.69
n512_d64,smsp__warp_issue_stalled_mio_throttle_per_warp_active.pct,%,2.82
n512_d64,smsp__warp_issue_stalled_not_selected_per_warp_active.pct,%,3.20
n512_d64,smsp__warp_issue_stalled_short_scoreboard_per_warp_active.pct,%,3.81
n512_d64,smsp__warp_issue_stalled_wait_per_warp_active.pct,%,17.88
n512_d64,Duration,ns,98368
n512_d64,Compute (SM) Throughput,%,61.97
n512_d64,DRAM Throughput,%,13.24
n512_d64,Registers Per Thread,register/thread,147
n512_d64,Dynamic Shared Memory Per Block,byte/block,40960
n512_d64,Theoretical Occupancy,%,16.67
n512_d64,Achieved Occupancy,%,15.44
n512_d64,Memory Throughput,%,25.28
n512_d64,L1/TEX Hit Rate,%,0
n512_d64,L2 Hit Rate,%,63.64
n512_d64,Waves Per SM,,3.20
